nombre,url,categoria
Electricista y mecanicos Industriales de Argentina,https://www.facebook.com/groups/1126563510751726/,Argentina
Electricistas Industriales y Domiciliarios de Argentina,https://www.facebook.com/groups/564192107503463/members/,Argentina
Electricistas Argentina - Estudiantes y Profesionales,https://www.facebook.com/groups/empleoselectricos/members/,Argentina
electricistas argentinos,https://www.facebook.com/groups/2036853706360041/about/,Argentina
Laburo Argento,https://t.me/s/LaburoArgento,Argentina
Empleo Argentina - directorio GruposTelegram,https://www.grupostelegram.net/empleo-argentina.html,Argentina
Electricistas Argentina trabajo - directorio GruposTelegram,https://www.grupostelegram.net/electricistas-argentina-trabajo.html,Argentina
MECANICOS DEL PERU,https://www.facebook.com/groups/317052836440393/,Perú
"INGENIEROS ELECTRÓNICOS, MECANICOS Y DE SISTEMAS PERÚ",https://www.facebook.com/groups/electronicosperu/events/,Perú
Electricistas Automotrices y maquinaria pesada Perú,https://www.facebook.com/groups/119672475419498/members/,Perú
Ingenieros Mecánicos del Perú y El Mundo,https://www.facebook.com/groups/645134305574556/,Perú
ELECTRICISTAS EN TRUJILLO PERU,https://www.facebook.com/groups/893090811809832/,Perú
Automatización e Instrumentación Perú,https://t.me/automatizacion_instrumentacion,Perú
Automatización Perú,https://t.me/Automatizacion_Peru,Perú
Capital de Trabajo Perú,https://t.me/s/capitaldetrabajoperu,Perú
Oflik TRABAJOS PERÚ,https://t.me/s/trabajosperuhoy,Perú
HR Perú,https://t.me/s/TCHPeru,Perú
Empleos en Lima Perú | LaburaPE,https://t.me/s/laburape,Perú
Electricistas / Electromecánicos Col,https://www.facebook.com/groups/489324909053694/,Colombia
(COLOMBIA) HERRAMIENTAS ELECTRICISTAS,https://www.facebook.com/groups/solucioneselectricas360/,Colombia
Técnicos Electricistas y Electromecánicos,https://www.facebook.com/groups/129297662355444/,Colombia
ELECTRICISTAS DE BUCARAMANGA,https://www.facebook.com/groups/electricistasdebucaramangaencolombia/,Colombia
ELECTRICISTAS DE APARTADÓ,https://www.facebook.com/groups/electricistasdeapartadoencolombia/,Colombia
Vacantes y Empleos,https://t.me/s/VacantesyEmpleos,Colombia
Empleo Colombia,https://t.me/s/empleocolombiaoficial,Colombia
ClubEmpleos Colombia,https://t.me/s/clubempleos_colombia,Colombia
Grupos de Telegram: empleo colombia,https://www.grupostelegram.net/empleo-colombia.html,Colombia
Grupos de trabajo Telegram - JOB CITY,https://jobcity.com.co/grupos-telegram/,Colombia
Empleo para electricistas Chile,https://www.facebook.com/groups/594926305982086/,Chile
MECANICOS CHILE,https://www.facebook.com/groups/394729650870703/members/,Chile
Electricistas de Chile,https://www.facebook.com/groups/electricistaSEC/,Chile
"Electricistas de Chile - Proyectos, Normativas e Instalaciones",https://www.facebook.com/groups/electricistasdechile/,Chile
Gremio de Electricistas Chile,https://t.me/+E_nPETjxEpA1ZGIx,Chile
Empleos Activos Chile,https://t.me/s/activoschilereclutamiento,Chile
Empleos Públicos Chile,https://t.me/s/empleospublichoschile,Chile
"Eléctricos, Electromecánicos y Electrónicos. Ecuador",https://www.facebook.com/groups/electrotecnica/about/,Ecuador
Tecnicos Electricistas Y Electronicos Ecuador,https://www.facebook.com/groups/183733075558465/,Ecuador
"Electricistas, Electronica y Electricidad intercambio y trabajo ECUADOR",https://www.facebook.com/groups/611444429295040/,Ecuador
TECNICOS ELECTROMECANICOS DEL ECUADOR,https://www.facebook.com/groups/1492791017693470/,Ecuador
ELECTRICISTAS EN EL ECUADOR,https://www.facebook.com/groups/1670029239799481/,Ecuador
"PLC, Automatización, ingeniería y control Ecuador",https://www.facebook.com/groups/2552449298383153/members/,Ecuador
Talento Humano Ecuador Trabajo y Empleo,https://www.facebook.com/groups/talentohumanoecuador/,Ecuador
EMPLEOS ECUADOR POR PROVINCIA,https://t.me/Empleos_Ecuador_Grupo,Ecuador
Ecuador Empleos,https://t.me/ecuadorempleo,Ecuador
Red talento Humano Ecuador,https://t.me/redtalentohumanoecuador,Ecuador
"EMPLEOS - MANTENIMIENTO, ELECTRICOS, ELECTRÓNICOS, MECÁNICOS",https://t.me/s/Empleos_Mantenimiento_Ecuador,Ecuador
Trabajos Ecuador,https://t.me/s/trabajos_ec,Ecuador
AUTOMATIZACION Y NEUMATICA INDUSTRIAL BOLIVIA,https://www.facebook.com/groups/841437689208523/about/,Bolivia
ELECTRICISTAS INDUSTRIALES BOLIVIA,https://www.facebook.com/groups/1775102132757017/,Bolivia
comunidad de electricista industrial bolivia,https://www.facebook.com/groups/1811108919168703/members/,Bolivia
ELECTRICISTAS DE BOLIVIA,https://www.facebook.com/groups/2555458208032138/,Bolivia
ELECTRICISTAS BOLIVIA,https://www.facebook.com/groups/1919492034950330/,Bolivia
MECANICA INDUSTRIAL BOLIVIA,https://www.facebook.com/groups/758301400903855/,Bolivia
Mecánicos Industriales en Bolivia (trabajos),https://www.facebook.com/groups/1460696847374355/,Bolivia
MECANICOS DE BOLIVIA 2,https://www.facebook.com/groups/1548032612181555/,Bolivia
"TRABAJOS EN BOLIVIA, PASANTIAS y TRABAJOS",https://www.facebook.com/groups/691756064261548/,Bolivia
BOLIVIA bolsa de trabajo,https://telegram.me/bolsa_trabajo_bolivia,Bolivia
Automatización industrial - directorio GruposTelegram,https://www.grupostelegram.net/automatizacion-industrial.html,Bolivia
PROFESIONALES ELECTRICISTAS DEL PARAGUAY,https://www.facebook.com/groups/796567304055805/about/,Paraguay
ELECTRON Asociacion de Electricistas del Paraguay,https://www.facebook.com/groups/345862638794996/,Paraguay
"Talleres, Mecanicos, y Electricistas de Automóviles de Paraguay",https://www.facebook.com/groups/1660790637467972/,Paraguay
Anuncios Bolsa de Trabajo Paraguay,https://telegram.me/bolsatrabajoparaguay,Paraguay
Empleo Paraguay,https://t.me/s/EmpleoParaguay,Paraguay
Bolsa de Trabajo Paraguay,https://telegram.me/bolsadetrabajoparaguay,Paraguay
Empleo Paraguay - directorio GruposTelegram,https://www.grupostelegram.net/empleo-paraguay.html,Paraguay
TECNICOS EN REFRIGERACION Y ELECTRICISTAS,https://www.facebook.com/groups/214301068641642/announcements/,Uruguay
mecánicos y electromecánicos unidos,https://www.facebook.com/groups/899741883569222/,Uruguay
técnicos electromecánicos,https://www.facebook.com/groups/656950598502857/,Uruguay
Solo Electricistas,https://www.facebook.com/groups/3591276354291373/,Uruguay
Técnicos Electricistas-Electromecanicos,https://www.facebook.com/groups/203176087108947/,Uruguay
Ingenieros electricistas,https://www.facebook.com/groups/1694390980807356/,Uruguay
Eléctricos Uruguay,https://t.me/ElectricosUruguay,Uruguay
Electricistas Venezuela,https://www.facebook.com/groups/978092622730319/,Venezuela
Ingenieros Electricistas de Venezuela,https://www.facebook.com/groups/22436749720/,Venezuela
ELECTRICISTAS DE VENEZUELA,https://www.facebook.com/groups/348805826488277/,Venezuela
"Grupo de electricistas, electromecánicos, refrigeracion comercial",https://www.facebook.com/groups/1413621018958671/,Venezuela
Trabajos Venezuela,https://t.me/s/trabajoenvenezuela,Venezuela
Ofertas de Empleo y servicios Venezuela,https://telemetr.io/es/channels/2223168594-ofertasdeempleovenezuela,Venezuela
Ofertas de empleo Venezuela,https://t.me/ofertaempleoVenezuela,Venezuela
Mecánicos Venezuela - directorio GruposTelegram,https://www.grupostelegram.net/mecanicos-venezuela.html,Venezuela
Vagas Automação Industrial,https://t.me/GrupoAutomacao,Brasil
Eletricistas Total,https://t.me/eletricistas,Brasil
Eletricista profissional - manutenções e instalações,https://t.me/eletricista,Brasil
Escola do Mecânico Industrial,https://t.me/s/escoladomecanico,Brasil
Controle e Automação,https://telegram.me/s/Controleeautomacao,Brasil
Grupo Automação e Elétrica TELEGRAM - Ensinando Elétrica,https://ensinandoeletrica.blogspot.com/2018/06/grupo-automacao-e-eletrica-telegram.html,Brasil
Guyana Contractors & Tradesmen,https://www.facebook.com/groups/reentalsalesservices/announcements/,Guyana
Vacancies In Guyana,https://www.facebook.com/groups/221422028040797/members/,Guyana
Jobs in Guyana,https://www.facebook.com/groups/guyanajobposts/,Guyana
guyanajobs.net,https://t.me/s/guyanajobs,Guyana
Guyana Jobs,https://t.me/s/jobadsguyana,Guyana
Vacatures Suriname Group,https://www.facebook.com/groups/338183209935155/,Surinam
Profilami Jobs - Vacatures Suriname,https://www.facebook.com/groups/573280019941580/,Surinam
VACATURES SURINAME - SOLLICITATIES JOBS WERK BANEN PERSONEEL,https://www.facebook.com/groups/vacaturessuriname/,Surinam
Suriname - directorio GruposTelegram,https://www.grupostelegram.net/suriname.html,Surinam
Suriname group,https://t.me/joinchat/Pu0fKEZEZ801MjIy,Surinam
